lr,Lr,rl,Rl,ll,Ll,rr,Rr,l,r,L,R,space,shift,cpm,is_bot
145.58333333333334,90.0,132.33333333333334,0.0,135.0,0.0,86.5,0.0,1.75,1.411764705882353,1.0,0.0,1.75,2.0,19.373454245671887,1
112.57142857142857,0.0,125.53846153846153,76.0,130.53846153846155,0.0,103.3,0.0,1.4814814814814814,1.5,0.0,1.0,1.0,2.0,20.272515785975408,1
105.4,0.0,117.35714285714286,0.0,158.5,209.0,122.11111111111111,0.0,1.68,1.4583333333333333,2.0,0.0,1.7777777777777777,2.0,19.6174595389897,1
114.46153846153847,0.0,137.83333333333334,147.0,147.86666666666667,135.0,101.8,0.0,1.6896551724137931,1.6666666666666667,1.0,1.0,1.7,1.0,19.291587602783046,1
110.75,132.0,125.2,121.0,125.0,124.66666666666667,172.75,0.0,1.4,1.5384615384615385,2.8,1.0,1.8571428571428572,4.0,19.488876631733774,1
116.375,65.0,143.88888888888889,85.0,113.3,0.0,119.25,103.0,1.4,1.7142857142857142,2.0,1.5,2.0,3.0,20.100502512562816,1
127.11111111111111,85.0,125.0,0.0,146.2,0.0,106.3,0.0,1.8421052631578947,1.15,1.0,0.0,1.875,2.0,20.07374027038099,1
122.4,71.0,120.5,0.0,150.54545454545453,0.0,112.77777777777777,0.0,1.4761904761904763,1.4,1.0,0.0,2.5555555555555554,2.0,20.108275328692965,1
111.3,0.0,127.44444444444444,0.0,116.06666666666666,72.0,147.25,0.0,1.16,1.6666666666666667,1.0,0.0,1.4444444444444444,2.0,20.551855375832538,1
113.92307692307692,0.0,112.16666666666667,0.0,125.9,87.0,122.72727272727273,91.0,1.2608695652173914,1.36,1.0,1.0,1.3,1.0,21.294865189764725,1
161.83333333333334,136.0,133.66666666666666,0.0,208.125,0.0,283.5,0.0,95.25,85.6470588235294,136.0,0.0,66.25,281.0,13.994342712520469,0
116.57142857142857,0.0,170.0,200.0,191.15384615384616,0.0,145.5,0.0,98.92592592592592,83.375,0.0,100.0,72.5,164.0,14.91442542787286,0
126.26666666666667,0.0,140.92857142857142,0.0,363.0,357.0,167.77777777777777,0.0,100.88,95.375,81.0,0.0,78.77777777777777,61.22222222222222,13.006740719643027,0
132.53846153846155,0.0,249.33333333333334,188.0,213.8125,220.0,197.6,0.0,107.73333333333333,96.05263157894737,119.0,74.0,81.8,191.0,9.846057669766353,0
324.6666666666667,102.0,211.16666666666666,169.0,173.14285714285714,370.0,543.2,0.0,108.08333333333333,95.26666666666667,107.8,106.0,91.57142857142857,254.625,9.359644333515327,0
109.625,270.0,215.22222222222223,203.0,150.1,0.0,111.25,175.0,108.55,101.85714285714286,122.0,79.0,72.5,200.0,14.536261652709749,0
154.33333333333334,104.0,178.88888888888889,0.0,322.5,0.0,169.0,0.0,110.23809523809524,106.35,122.0,0.0,75.125,175.0,11.518915866741954,0
162.0,365.0,133.6,0.0,229.1818181818182,0.0,149.66666666666666,0.0,114.28571428571429,100.95,139.0,0.0,83.22222222222223,287.0,13.913043478260871,0
233.25,0.0,160.54545454545453,0.0,225.8125,219.0,283.1111111111111,0.0,99.32142857142857,97.33333333333333,125.0,0.0,80.22222222222223,183.0,10.749798441279227,0
110.61538461538461,0.0,140.75,0.0,185.7,252.0,286.6666666666667,144.0,102.78260869565217,98.65384615384616,112.0,112.0,73.9,282.0,13.291139240506329,0
124.33333333333333,66.0,122.16666666666667,0.0,120.0,0.0,99.25,0.0,1.3,1.1764705882352942,1.0,0.0,1.125,2.0,21.436716077537056,1
108.35714285714286,0.0,113.3076923076923,106.0,139.76923076923077,0.0,101.6,0.0,1.1111111111111112,1.375,0.0,1.0,1.0,2.0,20.569887034226944,1
101.66666666666667,0.0,114.57142857142857,0.0,150.7,190.0,113.33333333333333,0.0,1.28,1.2916666666666667,1.0,0.0,1.1111111111111112,2.0,20.51983584131327,1
104.46153846153847,0.0,107.91666666666667,107.0,123.73333333333333,124.0,99.4,0.0,1.0,1.5,1.0,0.0,1.0,2.0,22.530009233610343,1
95.25,75.0,93.6,110.0,110.9090909090909,138.0,153.5,0.0,1.15,1.0,0.8,1.0,1.0,1.2857142857142858,23.24561403508772,1
105.625,104.0,129.44444444444446,111.0,120.9,0.0,99.25,76.0,1.25,1.2142857142857142,1.0,1.0,1.3333333333333333,2.3333333333333335,21.744268494445755,1
125.88888888888889,79.0,129.44444444444446,0.0,134.3,0.0,118.2,0.0,1.631578947368421,1.1,1.0,0.0,1.875,2.0,19.9836867862969,1
124.4,73.0,104.9,0.0,151.27272727272728,0.0,112.44444444444444,0.0,1.1428571428571428,1.25,1.0,0.0,1.1111111111111112,1.0,20.62264525084275,1
114.1,0.0,144.77777777777777,0.0,127.06666666666666,91.0,127.125,0.0,1.4,1.2222222222222223,1.0,0.0,1.0,1.0,19.77659769273027,1
111.6923076923077,0.0,104.0,0.0,126.2,72.0,117.18181818181819,118.0,0.9130434782608695,1.28,2.0,1.0,1.1,2.0,21.93137601697913,1
204.91666666666666,208.0,257.6666666666667,0.0,288.75,0.0,159.5,0.0,157.6,153.88235294117646,175.0,0.0,167.875,241.0,10.434010434010434,0
181.0,0.0,233.30769230769232,163.0,276.0,0.0,195.8,0.0,145.42857142857142,136.20833333333334,0.0,137.0,148.25,229.0,10.48182586644125,0
219.13333333333333,0.0,257.57142857142856,0.0,295.09090909090907,550.0,309.45454545454544,0.0,158.07692307692307,146.73076923076923,144.0,0.0,129.11111111111111,171.0,8.798882681564246,0
155.46153846153845,0.0,219.33333333333334,154.0,287.73333333333335,221.0,219.0,0.0,159.06896551724137,155.77777777777777,118.0,151.0,158.5,161.5,11.054729974628488,0
212.875,190.0,283.0,327.0,342.5,366.3333333333333,1030.5,0.0,152.33333333333334,160.3846153846154,141.4,105.0,154.125,189.0,6.507592190889371,0
257.375,207.0,232.33333333333334,171.0,220.1,0.0,239.75,240.0,150.7,142.42857142857142,202.0,144.5,151.0,153.33333333333334,10.117672935224899,0
218.11111111111111,157.0,231.88888888888889,0.0,311.27272727272725,0.0,225.5,0.0,142.7,155.75,156.0,0.0,165.5,139.0,9.919650828290845,0
304.1,762.0,179.4,0.0,322.90909090909093,752.0,190.44444444444446,0.0,151.9090909090909,146.95,137.33333333333334,0.0,154.22222222222223,237.0,8.334530823394164,0
364.8181818181818,0.0,265.2,0.0,330.2,100.0,183.28571428571428,0.0,144.06451612903226,152.61111111111111,147.0,0.0,155.8,182.0,8.191217940110112,0
214.07692307692307,0.0,174.41666666666666,0.0,261.6,417.0,204.1818181818182,141.0,154.30434782608697,169.16,124.0,107.0,161.7,198.5,11.214615175906665,0
289.3333333333333,164.0,269.0,0.0,294.375,0.0,157.25,0.0,138.7,132.0,129.0,0.0,123.125,148.0,9.405643386031619,0
213.92857142857142,0.0,377.0,159.0,347.46153846153845,0.0,227.8,0.0,131.7037037037037,105.83333333333333,0.0,107.0,99.0,547.0,7.9349593495934965,0
230.93333333333334,0.0,282.85714285714283,0.0,709.1818181818181,1379.0,914.6,0.0,123.84615384615384,120.28,116.0,0.0,103.88888888888889,470.0,4.723629576016151,0
472.9230769230769,0.0,295.4166666666667,136.0,420.26666666666665,226.0,357.4,0.0,131.31034482758622,127.27777777777777,139.0,120.0,102.63636363636364,276.5,6.503041745332494,0
267.0,749.0,359.0,351.0,432.1818181818182,465.6666666666667,607.5,0.0,121.6,129.92307692307693,104.0,107.0,119.71428571428571,332.3076923076923,6.055363321799308,0
240.22222222222223,637.0,381.8,260.0,183.16666666666666,0.0,121.6,334.0,141.08695652173913,135.625,60.5,119.0,119.85714285714286,67.3265306122449,9.453781512605042,0
256.77777777777777,195.0,170.33333333333334,0.0,330.1,0.0,370.5,0.0,142.8421052631579,133.85,120.0,0.0,114.25,232.0,8.623724040830695,0
392.1,237.0,225.4,0.0,369.72727272727275,0.0,302.0,0.0,149.14285714285714,117.45,88.0,0.0,117.44444444444444,371.0,7.687190479710252,0
278.54545454545456,0.0,402.6,0.0,446.6,254.0,256.5,0.0,128.92307692307693,139.04761904761904,147.0,0.0,115.33333333333333,305.0,6.848910668949637,0
192.15384615384616,0.0,187.91666666666666,0.0,361.72727272727275,351.0,227.1818181818182,197.0,137.375,137.88,111.0,140.0,100.8,96.25,10.179640718562874,0
126.61538461538461,312.0,166.69230769230768,0.0,130.57142857142858,0.0,89.0,0.0,103.6,93.05555555555556,109.0,0.0,116.5,162.0,17.45771958537916,0
107.0,0.0,134.76923076923077,131.0,149.92307692307693,0.0,184.0,0.0,99.96296296296296,96.41666666666667,0.0,75.0,99.25,136.0,16.614462753642925,0
141.86666666666667,0.0,188.71428571428572,0.0,163.1,493.0,178.33333333333334,0.0,106.4,97.5,139.0,0.0,97.44444444444444,161.0,13.850415512465373,0
142.6153846153846,0.0,152.66666666666666,137.0,193.46666666666667,289.0,183.0,0.0,106.72413793103448,86.61111111111111,102.0,78.0,113.0,200.0,14.537654909437558,0
118.125,129.0,354.8,177.0,214.36363636363637,345.6666666666667,454.0,0.0,104.5,95.53846153846153,94.2,74.0,90.28571428571429,198.625,9.281540048126503,0
90.875,256.0,178.44444444444446,133.0,120.4,0.0,95.5,162.0,111.8,91.57142857142857,86.0,101.5,102.5,140.0,16.87144690995782,0
134.7,193.0,151.4,0.0,290.64285714285717,0.0,245.0,0.0,105.58333333333333,105.20833333333333,94.0,0.0,115.2,215.0,11.392765593847905,0
143.5,169.0,101.4,0.0,237.15384615384616,0.0,188.88888888888889,0.0,110.78260869565217,94.55,111.0,0.0,114.0,416.0,14.200877872450297,0
147.5,0.0,381.77777777777777,0.0,225.88888888888889,215.0,133.66666666666666,0.0,113.60714285714286,103.47368421052632,125.0,0.0,112.0,244.0,11.096482979123566,0
159.6153846153846,0.0,124.75,0.0,152.0,221.0,102.81818181818181,127.0,123.16666666666667,109.12,137.0,78.0,126.2,176.0,17.649530746603165,0
153.5,124.0,201.83333333333334,0.0,191.0,0.0,289.6,0.0,113.61904761904762,136.94444444444446,140.0,0.0,135.88888888888889,137.0,12.756378189094548,0
156.46153846153845,0.0,199.5,131.0,230.86666666666667,0.0,232.91666666666666,0.0,127.21428571428571,133.88,0.0,154.0,141.625,235.0,11.417180137731062,0
183.13333333333333,0.0,216.28571428571428,0.0,343.07142857142856,562.0,309.8,0.0,131.96666666666667,148.36,145.0,0.0,146.44444444444446,327.0,8.116583656152,0
125.625,0.0,286.3333333333333,0.0,249.76470588235293,576.0,488.5,0.0,138.3939393939394,134.4090909090909,121.5,0.0,144.3,324.0,9.420892213909669,0
119.0,132.0,277.6,435.0,351.8666666666667,316.3333333333333,801.75,0.0,136.54166666666666,150.6153846153846,156.0,149.5,160.875,315.5,7.3268460217515745,0
207.375,168.0,169.88888888888889,193.0,174.11111111111111,0.0,144.0,146.0,148.57894736842104,147.85714285714286,126.0,92.0,145.42857142857142,204.6,12.0942075111394,0
150.4,183.0,374.7,0.0,316.1333333333333,0.0,227.44444444444446,0.0,129.23076923076923,132.7,142.0,0.0,157.55555555555554,324.0,7.859358841778698,0
215.33333333333334,88.0,193.23076923076923,0.0,324.0769230769231,0.0,204.33333333333334,0.0,133.3846153846154,144.43478260869566,120.0,0.0,164.77777777777777,212.5,8.968609865470851,0
310.1818181818182,0.0,423.6,0.0,395.5,201.0,193.44444444444446,0.0,125.29629629629629,145.55,120.0,0.0,140.36363636363637,243.0,7.436326454731363,0
187.93333333333334,0.0,220.85714285714286,0.0,300.1666666666667,170.0,238.33333333333334,126.0,137.03703703703704,147.53571428571428,106.0,119.0,145.7,252.0,0.6364731147345816,0
191.28571428571428,112.0,244.92857142857142,0.0,414.6,0.0,81.0,0.0,73.0,71.73684210526316,65.0,0.0,69.44444444444444,148.0,9.95667004701761,0
218.53333333333333,0.0,248.57142857142858,170.0,256.92857142857144,0.0,257.3,0.0,78.10344827586206,68.84,0.0,69.0,74.5,175.0,9.651636253958678,0
164.78571428571428,0.0,140.53846153846155,0.0,230.83333333333334,835.0,260.5,0.0,77.61538461538461,77.83333333333333,59.0,0.0,72.9,168.0,11.553273427471117,0
136.46153846153845,0.0,227.08333333333334,202.0,514.8333333333334,0.0,202.6,0.0,81.89473684210526,77.0,0.0,79.0,70.16666666666667,139.0,7.596310363537711,0
357.77777777777777,154.0,408.0,144.0,291.0,388.0,377.5,0.0,75.78260869565217,82.64285714285714,76.75,70.0,65.25,431.0,4.600533990552474,0
533.6666666666666,150.0,478.1111111111111,149.0,155.3,2707.0,195.0,251.0,72.9047619047619,72.6875,75.0,72.0,57.5,132.85714285714286,5.38707102952913,0
233.66666666666666,89.0,200.11111111111111,0.0,291.5833333333333,0.0,314.8181818181818,0.0,86.71428571428571,84.04761904761905,47.0,0.0,63.75,138.0,9.292539668624528,0
228.0,106.0,111.16666666666667,0.0,417.36842105263156,0.0,532.1,0.0,85.41935483870968,82.0,52.0,0.0,70.0909090909091,110.44444444444444,7.83132530120482,0
174.2,0.0,547.3333333333334,0.0,287.53333333333336,191.0,554.375,0.0,76.24,84.05555555555556,101.0,0.0,75.9,223.0,6.947953511874684,0
156.46153846153845,0.0,204.25,0.0,347.27272727272725,190.0,145.58333333333334,137.0,82.66666666666667,83.61538461538461,106.0,47.0,63.0,232.66666666666666,4.654964110582048,0
128.25,103.0,125.33333333333333,0.0,117.25,0.0,100.0,0.0,1.35,1.5294117647058822,1.0,0.0,1.375,1.0,20.954079358002677,1
119.28571428571429,0.0,134.46153846153845,114.0,139.84615384615384,0.0,105.9,0.0,1.6666666666666667,1.7083333333333333,0.0,2.0,1.25,2.0,19.03276131045242,1
128.26666666666668,0.0,106.14285714285714,0.0,151.2,250.0,138.33333333333334,0.0,1.2,1.875,1.0,0.0,2.5555555555555554,2.0,18.697413524462448,1
102.92307692307692,0.0,133.25,132.0,131.2,82.0,89.6,0.0,1.1724137931034482,1.3333333333333333,1.0,1.0,1.4,1.5,21.030856748836406,1
92.625,139.0,139.2,86.0,120.0909090909091,133.0,160.0,0.0,1.45,1.4615384615384615,0.8,1.0,1.2857142857142858,2.4285714285714284,20.948616600790515,1
108.375,103.0,137.11111111111111,99.0,108.9,0.0,102.25,73.0,1.5,1.6428571428571428,1.0,0.5,1.1666666666666667,2.0,21.490306003270263,1
117.66666666666667,91.0,130.88888888888889,0.0,136.9,0.0,130.7,0.0,1.6842105263157894,1.6,1.0,0.0,1.5,2.0,19.57259836229279,1
127.2,115.0,109.2,0.0,140.63636363636363,0.0,96.55555555555556,0.0,1.3333333333333333,1.1,2.0,0.0,0.8888888888888888,2.0,21.241830065359476,1
98.0,0.0,144.55555555555554,0.0,111.06666666666666,84.0,129.625,0.0,1.0,1.0555555555555556,1.0,0.0,1.3333333333333333,1.0,21.305977510357074,1
119.61538461538461,0.0,111.0,0.0,153.9,80.0,121.45454545454545,109.0,1.2608695652173914,1.36,2.0,1.0,1.2,1.5,20.261437908496735,1
248.91666666666666,140.0,231.0,0.0,272.25,0.0,368.2,0.0,128.75,129.88888888888889,120.0,0.0,128.125,147.0,9.41084207430644,0
148.42857142857142,0.0,576.5384615384615,92.0,269.75,0.0,280.1,0.0,119.76923076923077,130.20833333333334,0.0,83.0,116.375,389.0,7.433562534844824,0
185.8,0.0,235.57142857142858,0.0,366.8181818181818,699.0,257.22222222222223,0.0,114.03846153846153,139.54166666666666,110.0,0.0,128.77777777777777,230.0,8.962868117797695,0
190.88235294117646,0.0,292.6666666666667,80.5,354.1764705882353,158.0,263.1666666666667,0.0,114.37142857142857,129.56521739130434,96.0,84.0,116.1,481.0,7.53104009769998,0
193.0,321.0,172.5,637.0,382.2,234.0,3080.5,0.0,133.11111111111111,137.5,118.5,132.0,101.0,554.5,4.429509699098824,0
292.25,283.0,440.77777777777777,138.0,335.09090909090907,0.0,283.5,178.0,120.71428571428571,116.3125,144.0,107.5,136.57142857142858,320.0,7.147451933385748,0
196.22222222222223,185.0,209.66666666666666,0.0,364.53846153846155,0.0,374.6,0.0,120.21739130434783,138.7,104.0,0.0,122.5,194.66666666666666,8.152375305714074,0
307.3636363636364,147.0,248.36363636363637,0.0,409.38461538461536,0.0,357.0,0.0,122.95833333333333,142.04761904761904,99.0,0.0,132.11111111111111,1000.0,7.039597737272156,0
286.5,0.0,400.8888888888889,0.0,429.29411764705884,345.0,419.6666666666667,0.0,121.33333333333333,152.42105263157896,159.0,0.0,121.22222222222223,180.0,6.293474660483604,0
252.4375,0.0,213.66666666666666,0.0,391.09090909090907,229.0,292.6666666666667,210.0,123.77777777777777,132.21875,117.0,155.0,128.0,384.3333333333333,7.74633340218963,0
132.83333333333334,101.0,137.08333333333334,0.0,133.0,0.0,115.5,0.0,1.95,1.7058823529411764,2.0,0.0,1.375,2.0,19.305812281782707,1
130.5,0.0,131.46153846153845,141.0,137.69230769230768,0.0,99.0,0.0,1.4074074074074074,2.125,0.0,2.0,1.375,2.0,18.88544891640867,1
112.53333333333333,0.0,115.35714285714286,0.0,143.0,182.0,117.22222222222223,0.0,1.56,1.5,1.0,0.0,1.6666666666666667,2.0,20.09713615809747,1
120.07692307692308,0.0,140.5,139.0,145.66666666666666,103.0,117.8,0.0,1.6896551724137931,1.7777777777777777,1.0,1.0,2.1,1.5,18.92353032418179,1
122.0,100.0,128.6,105.0,123.0909090909091,137.33333333333334,185.5,0.0,1.55,2.3076923076923075,1.0,1.0,1.7142857142857142,2.0,19.97738409347908,1
109.0,82.0,152.0,87.0,121.1,0.0,91.5,66.0,1.95,1.7857142857142858,1.0,1.0,1.6666666666666667,1.6666666666666667,20.655590480466998,1
124.77777777777777,143.0,106.33333333333333,0.0,130.0,0.0,149.3,0.0,1.5789473684210527,1.7,1.0,0.0,1.5,2.0,19.525801952580196,1
123.7,108.0,126.2,0.0,159.1818181818182,0.0,113.55555555555556,0.0,1.8095238095238095,1.5,1.0,0.0,1.3333333333333333,2.0,19.32367149758454,1
112.0,0.0,135.66666666666666,0.0,113.2,92.0,119.875,0.0,1.2,1.3888888888888888,1.0,0.0,1.4444444444444444,2.0,21.21390689451974,1
124.07692307692308,0.0,112.91666666666667,0.0,148.1,92.0,125.45454545454545,75.0,1.608695652173913,1.56,1.0,2.0,1.6,1.5,19.92928318868531,1
297.0,194.0,221.08333333333334,0.0,414.0,0.0,131.5,0.0,93.37037037037037,85.52941176470588,66.0,0.0,87.3,226.0,8.347367650289229,0
172.21428571428572,0.0,1307.3076923076924,197.0,294.84615384615387,0.0,414.5,0.0,90.96296296296296,80.5,0.0,68.0,82.625,532.0,4.355340477013481,0
222.41176470588235,877.0,269.8235294117647,0.0,397.46153846153845,0.0,228.2,0.0,92.43333333333334,77.07142857142857,113.0,0.0,86.33333333333333,688.0,7.9447322970639025,0
207.07142857142858,0.0,376.84615384615387,0.0,359.6666666666667,233.0,255.8,0.0,87.41379310344827,76.6842105263158,75.0,0.0,83.1,401.0,7.990943597256442,0
142.5,246.0,436.6666666666667,289.0,323.09090909090907,555.0,1237.75,0.0,90.57142857142857,76.78571428571429,83.5,78.0,87.625,683.7142857142857,5.433746425166826,0
345.8888888888889,159.0,492.1111111111111,275.0,477.7,0.0,130.33333333333334,0.0,95.4,90.5,147.0,91.0,102.85714285714286,392.3333333333333,5.883073906115945,0
393.0,214.0,349.6666666666667,0.0,507.27272727272725,0.0,395.1666666666667,0.0,91.05,80.0909090909091,83.0,0.0,93.75,497.0,5.88235294117647,0
245.4,214.0,202.5,0.0,1029.8181818181818,0.0,270.3333333333333,0.0,103.14285714285714,86.65,116.0,0.0,91.66666666666667,531.0,5.483496783718233,0
236.4,0.0,357.3333333333333,0.0,660.4375,351.0,408.375,0.0,109.07692307692308,92.77777777777777,111.0,0.0,95.44444444444444,481.0,5.441773028594043,0
218.73333333333332,0.0,248.28571428571428,0.0,1908.9,398.0,2292.4166666666665,138.0,103.84,86.82142857142857,146.0,105.5,88.8,314.0,2.4829298572315333,0
139.33333333333334,76.0,131.5,0.0,135.625,0.0,104.5,0.0,1.8,1.411764705882353,1.0,0.0,2.25,1.0,19.461697722567287,1
114.78571428571429,0.0,120.6923076923077,82.0,157.07692307692307,0.0,100.9,0.0,1.962962962962963,1.6666666666666667,0.0,1.0,1.25,1.0,19.334389857369256,1
112.06666666666666,0.0,110.35714285714286,0.0,143.3,145.0,120.11111111111111,0.0,1.48,1.25,1.0,0.0,1.2222222222222223,2.0,20.380434782608695,1
124.53846153846153,0.0,132.41666666666666,112.0,142.4,146.0,106.6,0.0,2.0,2.0555555555555554,1.0,1.0,1.0,2.0,19.122257053291534,1
94.0,135.0,138.2,86.0,120.27272727272727,149.0,152.5,0.0,1.5,1.0,1.4,1.0,1.1428571428571428,2.2857142857142856,21.2,1
107.125,139.0,161.55555555555554,109.0,133.0,0.0,131.25,98.0,2.2,2.0714285714285716,1.0,1.0,2.3333333333333335,1.3333333333333333,18.810059292578206,1
140.66666666666666,66.0,109.11111111111111,0.0,144.3,0.0,114.8,0.0,1.4210526315789473,1.8,1.0,0.0,1.5,1.0,19.967400162999184,1
110.2,105.0,130.5,0.0,155.54545454545453,0.0,117.66666666666667,0.0,1.5714285714285714,1.55,1.0,0.0,1.6666666666666667,2.0,19.678334910122988,1
115.8,0.0,137.11111111111111,0.0,123.06666666666666,95.0,137.75,0.0,1.36,1.5,2.0,0.0,1.0,2.0,19.867549668874172,1
103.07692307692308,0.0,106.33333333333333,0.0,130.0,93.0,118.18181818181819,96.0,0.9130434782608695,1.16,1.0,1.0,1.5,1.5,22.23816355810617,1
131.66666666666666,136.0,189.16666666666666,0.0,215.125,0.0,126.75,0.0,114.1,99.11764705882354,133.0,0.0,100.0,371.0,14.26187225003793,0
160.5,0.0,137.30769230769232,113.0,316.9375,0.0,242.3,0.0,117.43333333333334,95.875,0.0,151.0,97.5,364.0,10.635646032405484,0
151.66666666666666,0.0,129.5,0.0,241.36363636363637,628.0,258.1,0.0,113.0,94.72,2.0,0.0,83.88888888888889,322.0,11.992263056092844,0
146.8125,0.0,303.2,121.0,303.5882352941176,190.0,340.0,0.0,128.11764705882354,103.4,98.0,90.0,105.16666666666667,166.5,9.375,0
540.5,115.0,621.6666666666666,140.0,509.75,275.0,790.75,0.0,129.7826086956522,112.15384615384616,120.2,99.0,113.57142857142857,453.0,4.3523078685144885,0
145.25,187.0,254.11111111111111,137.0,165.36363636363637,0.0,110.5,136.0,130.95238095238096,112.64285714285714,128.0,83.0,108.66666666666667,247.33333333333334,11.645193260654112,0
225.11111111111111,113.0,210.88888888888889,0.0,294.75,0.0,214.0,0.0,141.52380952380952,112.6,91.0,0.0,115.125,424.0,10.081043684522633,0
164.2,91.0,206.3,0.0,237.72727272727272,0.0,395.8888888888889,0.0,128.13636363636363,99.8,127.0,0.0,111.33333333333333,251.0,8.820103178565484,0
161.0,0.0,248.1,0.0,271.4,238.0,238.375,0.0,127.76923076923077,116.78947368421052,122.0,0.0,119.88888888888889,251.0,10.42248278429183,0
133.71428571428572,0.0,161.92307692307693,0.0,286.0,323.0,356.92857142857144,97.0,127.12,104.75862068965517,143.0,119.0,110.36363636363636,245.0,10.499475026248689,0
495.75,166.0,299.0833333333333,0.0,518.1538461538462,0.0,172.5,0.0,91.08,100.70588235294117,48.0,0.0,87.66666666666667,272.0,6.113386008420324,0
372.35714285714283,0.0,291.61538461538464,134.0,578.9375,0.0,584.5,0.0,93.26666666666667,94.0,0.0,73.0,90.7,180.0,5.311462604959969,0
424.75,0.0,322.4,0.0,479.44444444444446,606.0,357.0,0.0,90.36,99.48,95.0,0.0,84.2,204.0,6.202480992396959,0
151.8,0.0,369.42857142857144,0.0,450.3125,380.0,637.4,0.0,83.96875,110.4,91.0,0.0,82.16666666666667,186.0,6.494784491241881,0
377.5,153.0,275.0,376.0,412.8,381.6666666666667,1059.5,0.0,92.45833333333333,106.86666666666666,110.2,91.0,78.85714285714286,604.8571428571429,5.04079627493699,0
271.55555555555554,146.0,409.55555555555554,166.5,286.4,0.0,764.5,0.0,98.19047619047619,96.625,115.0,94.5,84.28571428571429,210.0,6.119202056051892,0
314.3333333333333,140.0,369.0,0.0,312.27272727272725,0.0,396.92857142857144,0.0,92.15,97.75,91.0,0.0,88.375,246.0,6.950701505985327,0
301.25,280.0,436.9166666666667,0.0,444.72727272727275,0.0,346.09090909090907,0.0,82.16666666666667,94.29166666666667,139.0,0.0,83.66666666666667,289.0,5.2453769559032715,0
475.1666666666667,0.0,585.9090909090909,0.0,431.2,276.0,427.625,0.0,94.85185185185185,97.0952380952381,138.0,0.0,83.41666666666667,246.0,4.8990557465133735,0
154.35714285714286,0.0,288.15384615384613,0.0,410.72727272727275,317.0,410.9230769230769,144.0,85.64,98.28571428571429,138.0,72.0,89.33333333333333,225.0,8.160851567120048,0
153.75,104.0,151.66666666666666,0.0,171.875,0.0,117.5,0.0,71.3,94.41176470588235,56.0,0.0,94.25,106.0,16.201309893140294,0
125.70588235294117,0.0,139.75,233.0,285.3529411764706,0.0,235.41666666666666,0.0,80.79411764705883,88.0,0.0,77.0,94.375,153.0,11.683738796414854,0
168.17391304347825,0.0,339.6363636363636,0.0,392.8181818181818,342.0,505.45454545454544,0.0,73.71111111111111,99.73529411764706,93.0,0.0,92.58333333333333,118.0,6.953177010133886,0
120.61538461538461,0.0,155.16666666666666,218.0,263.1666666666667,158.0,228.0,0.0,76.6875,95.94117647058823,59.0,83.0,97.18181818181819,144.5,12.522011348072784,0
286.22222222222223,151.0,160.75,140.0,185.3,493.0,412.6666666666667,0.0,83.6086956521739,107.57142857142857,67.83333333333333,58.0,104.28571428571429,148.9090909090909,7.677067855373947,0
124.375,127.0,149.22222222222223,150.0,119.4,0.0,103.5,140.0,88.85,102.07142857142857,80.0,85.5,108.33333333333333,145.66666666666666,17.30950141110066,0
185.11111111111111,134.0,290.22222222222223,0.0,165.7,0.0,175.8,0.0,86.47368421052632,107.6,65.0,0.0,96.75,119.0,12.23470661672909,0
164.4,162.0,169.0,0.0,260.9166666666667,0.0,234.45454545454547,0.0,78.5,111.77272727272727,72.0,0.0,87.77777777777777,94.5,11.854360711261643,0
194.2,0.0,229.66666666666666,0.0,244.8125,166.0,268.4,0.0,77.88461538461539,95.7,79.0,0.0,88.8,139.0,10.591672753834917,0
122.3076923076923,0.0,118.66666666666667,0.0,201.5,169.0,157.72727272727272,75.0,78.56521739130434,100.16,84.0,66.0,87.2,125.5,16.586409844836812,0
121.41666666666667,111.0,124.33333333333333,0.0,120.125,0.0,86.0,0.0,1.6,1.8235294117647058,3.0,0.0,1.75,5.0,21.52014652014652,1
103.85714285714286,0.0,105.46153846153847,81.0,125.61538461538461,0.0,105.4,0.0,1.4074074074074074,1.4583333333333333,0.0,2.0,1.5,4.0,21.805183199285075,1
105.53333333333333,0.0,108.0,0.0,135.1,201.0,119.22222222222223,0.0,1.48,1.875,2.0,0.0,1.7777777777777777,3.0,20.968023763760264,1
99.23076923076923,0.0,123.33333333333333,92.0,127.33333333333333,99.0,99.8,0.0,1.4137931034482758,1.5,2.0,1.0,1.4,2.5,21.92273135669362,1
93.375,100.0,120.4,113.0,113.0,139.66666666666666,150.75,0.0,1.6,1.5384615384615385,1.6,1.0,1.0,2.5714285714285716,22.074135776759682,1
90.75,96.0,119.55555555555556,110.0,108.2,0.0,100.0,84.0,1.4,1.1428571428571428,2.0,1.0,1.3333333333333333,2.3333333333333335,23.379923761118167,1
122.33333333333333,124.0,99.55555555555556,0.0,126.6,0.0,118.3,0.0,1.4210526315789473,1.25,3.0,0.0,1.5,4.0,21.43950995405819,1
114.6,117.0,90.9,0.0,148.27272727272728,0.0,102.33333333333333,0.0,1.6666666666666667,1.45,1.0,0.0,1.3333333333333333,2.0,22.00592467202708,1
101.9,0.0,133.88888888888889,0.0,127.8,101.0,112.5,0.0,1.28,1.1111111111111112,1.0,0.0,1.3333333333333333,2.0,20.995334370139968,1
105.0,0.0,105.0,0.0,137.4,88.0,108.36363636363636,73.0,1.1304347826086956,1.16,1.0,1.0,1.5,2.0,22.374594009382896,1
158.66666666666666,100.0,198.16666666666666,0.0,240.125,0.0,157.25,0.0,96.75,97.76470588235294,111.0,0.0,119.375,213.0,13.141339298196561,0
176.85714285714286,0.0,173.30769230769232,161.0,225.92307692307693,0.0,290.1818181818182,0.0,87.18518518518519,96.76,0.0,94.0,93.125,214.0,10.97248031147686,0
111.2,0.0,245.35714285714286,0.0,249.2,311.0,180.4,0.0,88.08,90.56,109.0,0.0,95.11111111111111,288.0,12.217103945523734,0
204.0,0.0,11260.0,0.0,161.0,236.0,186.66666666666666,0.0,96.6,90.71428571428571,100.0,0.0,104.0,304.0,0.8915387401443178,0
180.33333333333334,166.0,269.8888888888889,156.0,202.72727272727272,0.0,124.75,215.0,87.0,106.26666666666667,103.0,73.0,110.83333333333333,318.0,9.837073470642483,0
430.8888888888889,128.0,174.0,0.0,265.84615384615387,0.0,194.2,0.0,90.9090909090909,111.2,95.0,0.0,87.55555555555556,427.0,9.286840721920449,0
161.6,450.0,213.2,0.0,301.53846153846155,0.0,312.9,0.0,94.65217391304348,101.23809523809524,116.0,0.0,98.55555555555556,240.66666666666666,9.446693657219974,0
145.41666666666666,0.0,188.9090909090909,0.0,275.5882352941176,242.0,411.9166666666667,0.0,93.55172413793103,110.75,68.0,0.0,106.8,262.0,9.30032908856775,0
169.14285714285714,0.0,260.61538461538464,0.0,382.6,270.0,258.0,128.0,105.44827586206897,109.10714285714286,104.0,94.0,108.91666666666667,320.3333333333333,8.958967926894822,0
0.0,0.0,0.0,0.0,0.0,0.0,0.0,0.0,0.0,0.0,0.0,0.0,0.0,98.42857142857143,11.611030478955007,0
206.41666666666666,395.0,221.58333333333334,0.0,142.77777777777777,0.0,173.75,0.0,106.95238095238095,94.94117647058823,120.0,0.0,100.75,497.0,12.280926186516567,0
163.07142857142858,0.0,160.69230769230768,239.0,307.35714285714283,0.0,232.27272727272728,0.0,110.10714285714286,94.28,0.0,116.0,107.5,176.0,10.806174957118353,0
136.13333333333333,0.0,181.14285714285714,0.0,267.6,408.0,241.55555555555554,0.0,112.52,101.5,144.0,0.0,98.11111111111111,197.0,11.996401079676097,0
140.53846153846155,0.0,155.41666666666666,229.0,243.3125,268.0,173.6,0.0,107.2,100.11111111111111,80.0,109.0,92.1,284.3333333333333,12.357787367595135,0
134.5,168.0,162.4,231.0,251.1818181818182,321.0,489.0,0.0,111.45,99.76923076923077,103.2,112.0,93.14285714285714,436.14285714285717,9.223005307578527,0
117.625,205.0,211.44444444444446,208.0,173.8181818181818,0.0,207.75,169.0,105.71428571428571,97.64285714285714,133.0,80.0,94.33333333333333,216.5,12.688342585249801,0
151.33333333333334,197.0,190.11111111111111,0.0,208.5,0.0,250.45454545454547,0.0,110.42105263157895,97.61904761904762,145.0,0.0,107.625,169.0,12.027904738994467,0
255.63636363636363,165.0,209.45454545454547,0.0,262.5,0.0,176.11111111111111,0.0,108.30434782608695,100.57142857142857,123.0,0.0,93.11111111111111,352.0,10.617760617760617,0
144.2,0.0,279.6666666666667,0.0,188.06666666666666,216.0,230.25,0.0,112.6,104.88888888888889,101.0,0.0,102.55555555555556,155.0,11.952191235059761,0
157.07142857142858,0.0,231.3846153846154,0.0,241.6,224.0,246.8181818181818,154.0,101.66666666666667,109.15384615384616,96.0,98.0,94.2,246.5,11.344500576087919,0
168.69230769230768,153.0,189.76923076923077,0.0,253.125,0.0,143.25,0.0,129.9047619047619,140.11111111111111,163.0,0.0,146.25,207.0,12.793733681462141,0
135.07142857142858,0.0,152.0,92.0,332.53333333333336,0.0,234.8,0.0,123.62068965517241,130.20833333333334,0.0,123.0,120.375,198.0,10.934652434261912,0
159.0625,0.0,193.93333333333334,0.0,343.09090909090907,533.0,169.55555555555554,0.0,128.14814814814815,130.84,141.0,0.0,133.0,278.0,10.92327698309493,0
124.3125,0.0,344.6666666666667,0.0,260.1764705882353,115.0,459.8,0.0,130.44117647058823,129.53846153846155,104.5,127.0,123.66666666666667,187.5,9.056692542931074,0
175.625,159.0,210.2,155.0,302.27272727272725,291.0,511.75,0.0,133.55,131.23076923076923,121.0,163.0,120.875,256.5,8.877411024130417,0
227.44444444444446,148.0,188.44444444444446,132.5,192.6,0.0,129.5,0.0,140.85714285714286,140.85714285714286,145.0,131.5,142.66666666666666,212.0,12.182477967858995,0
196.8,232.0,224.3,0.0,278.0,0.0,207.3,0.0,132.04545454545453,146.42857142857142,144.0,0.0,132.5,329.0,10.395214278709425,0
177.8,240.0,233.4,0.0,294.3636363636364,0.0,200.22222222222223,0.0,138.33333333333334,135.7,115.0,0.0,135.22222222222223,332.5,10.477996207963276,0
167.88888888888889,0.0,310.6666666666667,0.0,566.2666666666667,261.0,261.1111111111111,0.0,124.2,139.61111111111111,135.0,0.0,131.66666666666666,252.0,6.919971807522265,0
131.92307692307693,0.0,153.16666666666666,0.0,291.27272727272725,339.0,170.0,152.0,137.5,137.28,165.0,124.0,127.0,271.5,13.28971580453895,0
99.0,0.0,126.8,0.0,202.0,0.0,238.75,0.0,72.88888888888889,92.57142857142857,0.0,0.0,94.5,92.0,14.303959131545339,0
124.33333333333333,73.0,113.75,0.0,111.875,0.0,93.5,0.0,0.9,1.1764705882352942,2.0,0.0,1.125,3.0,22.38095238095238,1
116.57142857142857,0.0,123.46153846153847,92.0,143.53846153846155,0.0,112.3,0.0,1.5185185185185186,1.4583333333333333,0.0,1.0,1.75,2.0,19.30379746835443,1
121.53333333333333,0.0,112.5,0.0,147.4,278.0,133.0,0.0,1.28,1.7083333333333333,1.0,0.0,1.3333333333333333,2.0,18.89763779527559,1
116.84615384615384,0.0,125.66666666666667,72.0,130.0,100.0,89.6,0.0,1.206896551724138,1.3333333333333333,1.0,1.0,1.5,1.5,20.976616231086656,1
105.375,74.0,131.8,141.0,118.18181818181819,128.0,148.25,0.0,1.25,1.6153846153846154,1.2,1.0,2.0,2.0,21.015067406819984,1
96.5,82.0,115.22222222222223,120.0,108.2,0.0,92.0,138.0,1.15,1.5714285714285714,1.0,0.5,1.1666666666666667,1.6666666666666667,22.971285892634207,1
104.0,92.0,100.11111111111111,0.0,120.9,0.0,114.9,0.0,0.8947368421052632,1.0,1.0,0.0,1.25,2.0,22.84914898577757,1
110.9,97.0,112.9,0.0,153.0909090909091,0.0,95.0,0.0,1.380952380952381,1.1,1.0,0.0,1.5555555555555556,2.0,21.32895816242822,1
100.6,0.0,139.0,0.0,125.0,111.0,125.0,0.0,1.36,1.6111111111111112,1.0,0.0,1.2222222222222223,2.0,20.594965675057207,1
112.6923076923077,0.0,105.25,0.0,117.2,102.0,116.0909090909091,91.0,1.0,1.08,1.0,3.0,1.0,3.5,22.12705210563883,1
122.58333333333333,99.0,128.0,0.0,126.875,0.0,92.75,0.0,1.25,1.2352941176470589,1.0,0.0,0.875,2.0,20.92143334075228,1
94.78571428571429,0.0,114.76923076923077,101.0,136.07692307692307,0.0,99.5,0.0,1.4074074074074074,1.2916666666666667,0.0,1.0,1.125,2.0,21.463757916959885,1
98.66666666666667,0.0,108.57142857142857,0.0,132.4,141.0,124.33333333333333,0.0,1.28,1.5,2.0,0.0,1.4444444444444444,2.0,21.486123545210386,1
105.46153846153847,0.0,122.66666666666667,103.0,142.33333333333334,94.0,94.0,0.0,1.103448275862069,1.2222222222222223,1.0,1.0,1.1,1.5,20.89041095890411,1
96.25,110.0,120.0,104.0,108.0,112.66666666666667,151.75,0.0,1.2,1.2307692307692308,1.8,1.0,1.2857142857142858,2.857142857142857,22.24554039874082,1
98.375,103.0,126.33333333333333,112.0,111.0,0.0,105.25,92.0,1.15,1.2857142857142858,1.0,1.0,1.3333333333333333,1.3333333333333333,22.254475084663763,1
124.66666666666667,105.0,113.55555555555556,0.0,126.2,0.0,126.1,0.0,1.3157894736842106,1.35,1.0,0.0,0.625,1.0,20.532160067043787,1
124.1,80.0,116.3,0.0,153.0909090909091,0.0,118.33333333333333,0.0,1.1428571428571428,1.3,1.0,0.0,1.3333333333333333,3.0,19.862490450725744,1
100.4,0.0,140.44444444444446,0.0,125.4,95.0,127.375,0.0,1.36,1.1111111111111112,1.0,0.0,1.4444444444444444,2.0,20.512820512820515,1
119.92307692307692,0.0,95.0,0.0,135.8,122.0,120.36363636363636,77.0,1.173913043478261,1.12,1.0,1.0,1.2,1.5,21.419934358265674,1
311.9166666666667,165.0,344.3333333333333,0.0,234.0,0.0,197.5,0.0,30.65,25.352941176470587,18.0,0.0,36.375,0.0,8.573292330630881,0
335.2857142857143,0.0,275.46153846153845,190.0,348.14285714285717,0.0,252.8,0.0,25.0,28.083333333333332,0.0,60.0,36.5,0.0,7.669097309529796,0
531.9333333333333,0.0,258.2142857142857,0.0,434.0,493.0,336.6666666666667,0.0,25.92,26.5,41.0,0.0,42.55555555555556,0.0,6.053455086441287,0
152.46666666666667,0.0,369.53846153846155,155.0,242.44444444444446,266.0,294.0,0.0,31.545454545454547,24.65,42.0,48.0,35.0,309.0,8.252578930915911,0
291.375,148.0,492.0,298.0,449.1818181818182,628.3333333333334,1502.0,0.0,27.85,28.384615384615383,41.0,44.0,44.25,255.0,4.1165294490183655,0
324.625,149.0,416.8888888888889,291.0,272.0,0.0,173.25,192.0,29.428571428571427,24.357142857142858,57.0,46.5,35.5,291.0,6.513735485698103,0
438.77777777777777,108.0,381.22222222222223,0.0,394.3,0.0,607.0833333333334,0.0,26.842105263157894,27.818181818181817,41.0,0.0,45.0,0.0,5.440870539286286,0
344.55555555555554,190.0,216.77777777777777,0.0,510.375,0.0,318.3333333333333,0.0,27.88235294117647,30.473684210526315,29.0,0.0,38.125,0.0,7.362565445026178,0
378.3636363636364,0.0,330.3,0.0,579.1875,225.0,363.5,0.0,34.0,28.31578947368421,42.0,0.0,40.2,0.0,5.727779731698739,0
201.84615384615384,0.0,248.08333333333334,0.0,382.8,232.0,271.0,252.0,28.869565217391305,28.4,42.0,19.0,39.3,72.0,8.883710769678876,0
143.0,65.0,144.25,0.0,133.0,0.0,99.75,0.0,1.8,1.6470588235294117,1.0,0.0,2.125,1.0,18.890675241157556,1
115.42857142857143,0.0,131.53846153846155,91.0,155.6153846153846,0.0,107.2,0.0,1.7037037037037037,1.5833333333333333,0.0,1.0,1.625,2.0,18.72889161805342,1
104.26666666666667,0.0,105.14285714285714,0.0,124.1,215.0,116.77777777777777,0.0,1.4,1.4583333333333333,1.0,0.0,1.1111111111111112,2.0,21.64111812443643,1
104.15384615384616,0.0,108.08333333333333,84.0,128.93333333333334,86.0,83.8,0.0,1.0344827586206897,1.3333333333333333,1.0,1.0,1.2,1.5,22.92802104867506,1
81.5,81.0,100.6,72.0,104.81818181818181,121.0,134.25,0.0,1.1,1.0769230769230769,0.8,2.0,1.1428571428571428,1.4285714285714286,24.691358024691358,1
89.25,74.0,125.55555555555556,93.0,102.4,0.0,99.5,110.0,1.25,1.0714285714285714,1.0,1.0,1.1666666666666667,1.3333333333333333,23.62002567394095,1
120.0,113.0,112.22222222222223,0.0,145.0,0.0,132.4,0.0,1.4736842105263157,1.4,1.0,0.0,1.125,2.0,19.686621132985135,1
140.6,80.0,114.6,0.0,152.1818181818182,0.0,113.0,0.0,1.6666666666666667,1.7,1.0,0.0,1.4444444444444444,2.0,19.530516431924884,1
114.0,0.0,128.88888888888889,0.0,114.0,120.0,107.875,0.0,1.2,1.3333333333333333,1.0,0.0,1.2222222222222223,3.0,21.62162162162162,1
107.07692307692308,0.0,108.75,0.0,128.4,89.0,114.0909090909091,109.0,1.434782608695652,1.12,1.0,1.0,1.6,1.0,22.064056939501782,1
122.91666666666667,77.0,113.25,0.0,136.5,0.0,102.75,0.0,1.55,1.2352941176470589,1.0,0.0,1.5,3.0,21.286231884057973,1
96.07142857142857,0.0,105.53846153846153,69.0,124.46153846153847,0.0,98.1,0.0,1.0740740740740742,1.25,0.0,2.0,1.0,3.0,22.647113421199183,1
102.26666666666667,0.0,102.64285714285714,0.0,129.8,149.0,103.33333333333333,0.0,1.16,1.125,1.0,0.0,1.1111111111111112,2.0,22.42152466367713,1
114.15384615384616,0.0,127.66666666666667,113.0,139.13333333333333,111.0,108.8,0.0,1.6896551724137931,1.6111111111111112,1.0,1.0,1.4,1.5,20.205366015236834,1
100.375,68.0,151.6,71.0,129.72727272727272,136.66666666666666,171.0,0.0,1.75,1.3846153846153846,1.4,1.0,1.5714285714285714,2.7142857142857144,20.0909780136467,1
108.5,70.0,145.44444444444446,105.0,110.0,0.0,119.25,69.0,1.4,1.7142857142857142,2.0,1.0,1.3333333333333333,2.0,21.27659574468085,1
133.88888888888889,86.0,125.88888888888889,0.0,135.6,0.0,103.1,0.0,1.263157894736842,1.3,1.0,0.0,1.5,3.0,20.353063343717547,1
116.6,97.0,103.8,0.0,151.0,0.0,114.66666666666667,0.0,1.2380952380952381,1.15,1.0,0.0,1.6666666666666667,1.0,20.82082082082082,1
96.5,0.0,143.0,0.0,140.2,69.0,118.125,0.0,2.12,1.3333333333333333,1.0,0.0,1.2222222222222223,1.0,20.11173184357542,1
109.53846153846153,0.0,106.66666666666667,0.0,123.2,96.0,109.54545454545455,126.0,1.1304347826086956,0.88,1.0,0.0,0.9,2.0,22.35039653929344,1
97.76923076923077,169.0,147.30769230769232,0.0,215.8181818181818,0.0,229.0,0.0,103.20833333333333,104.0,75.0,0.0,108.66666666666667,91.0,15.413158270301127,0
98.8,0.0,178.42857142857142,144.0,304.6875,0.0,162.0,0.0,98.2258064516129,114.61538461538461,0.0,111.0,108.5,221.0,12.515871576274261,0
117.46666666666667,0.0,147.57142857142858,0.0,274.1818181818182,398.0,207.9,0.0,110.23076923076923,114.04,89.0,0.0,110.33333333333333,216.0,12.959866220735787,0
113.53846153846153,0.0,165.0,177.0,186.25,202.0,170.2,0.0,113.73333333333333,105.5,89.0,129.0,93.7,214.0,14.308426073131956,0
111.0,159.0,195.0,238.0,219.6153846153846,334.3333333333333,389.25,0.0,108.4090909090909,114.53846153846153,91.2,128.0,122.85714285714286,462.5,10.224368077250782,0
97.375,142.0,246.88888888888889,191.0,160.3,0.0,134.0,209.0,105.95238095238095,117.92857142857143,98.0,127.5,119.66666666666667,192.75,12.542461458061144,0
181.2,155.0,174.88888888888889,0.0,276.7692307692308,226.0,209.0,0.0,118.26086956521739,121.66666666666667,101.0,0.0,110.625,316.0,10.771302173494902,0
135.2,197.0,166.8,0.0,291.1666666666667,0.0,181.33333333333334,0.0,111.04545454545455,118.55,115.0,0.0,120.55555555555556,722.0,11.650912288415036,0
113.3,0.0,186.88888888888889,0.0,244.2,208.0,153.75,0.0,110.64,130.38888888888889,106.0,0.0,110.0,280.0,13.13549014838239,0
116.0,0.0,125.0,0.0,211.2,236.0,146.63636363636363,173.0,104.26086956521739,119.68,143.0,130.0,114.8,292.0,15.702165379257945,0
112.0,71.0,107.25,0.0,117.375,0.0,81.25,0.0,1.2,1.0,2.0,0.0,1.0,3.0,23.689516129032256,1
101.92857142857143,0.0,102.92307692307692,113.0,133.07692307692307,0.0,101.5,0.0,1.1851851851851851,1.125,0.0,1.0,1.25,2.0,21.68888888888889,1
92.46666666666667,0.0,116.71428571428571,0.0,135.2,145.0,110.11111111111111,0.0,1.48,0.9583333333333334,2.0,0.0,1.2222222222222223,2.0,21.77858439201452,1
118.3076923076923,0.0,114.5,69.0,134.93333333333334,105.0,97.8,0.0,1.4827586206896552,1.8333333333333333,1.0,1.0,1.2,1.5,20.861833105335158,1
101.125,105.0,124.4,87.0,112.0909090909091,118.66666666666667,160.25,0.0,1.15,1.2307692307692308,1.4,1.0,1.1428571428571428,1.8571428571428572,21.846661170651277,1
98.125,100.0,141.11111111111111,114.0,101.6,0.0,89.75,150.0,1.35,1.0714285714285714,1.0,1.0,2.5,1.6666666666666667,21.941330789410923,1
106.88888888888889,105.0,101.0,0.0,119.9,0.0,110.9,0.0,1.3157894736842106,1.0,1.0,0.0,1.0,1.0,22.870478413068845,1
101.8,89.0,102.0,0.0,140.36363636363637,0.0,94.0,0.0,0.9047619047619048,0.85,1.0,0.0,1.0,2.0,23.01903497122621,1
98.9,0.0,119.88888888888889,0.0,123.4,76.0,141.625,0.0,1.16,1.0555555555555556,1.0,0.0,1.5555555555555556,2.0,21.056736205888086,1
113.46153846153847,0.0,98.5,0.0,132.0,63.0,115.54545454545455,70.0,1.0,1.08,1.0,1.0,0.8,2.0,22.43531753211507,1
165.53846153846155,82.0,238.23076923076923,0.0,177.22222222222223,0.0,169.75,0.0,86.68181818181819,74.22222222222223,71.0,0.0,71.625,172.0,12.784454103809766,0
125.14285714285714,0.0,186.0,133.0,201.23076923076923,0.0,245.9,0.0,88.03703703703704,79.5,0.0,83.0,80.125,334.0,12.547567623161575,0
194.33333333333334,0.0,209.42857142857142,0.0,297.5,638.0,217.1,0.0,88.12,82.6,92.0,0.0,75.77777777777777,301.0,10.239194292908099,0
122.53846153846153,93.0,176.83333333333334,139.0,341.46666666666664,159.0,275.4,0.0,90.3103448275862,82.84210526315789,82.0,80.0,82.0,191.66666666666666,10.619762714676844,0
137.5,129.0,184.2,174.0,330.90909090909093,360.6666666666667,857.0,0.0,94.4,86.3076923076923,94.71428571428571,89.0,87.57142857142857,174.72222222222223,8.180092925855638,0
138.6,150.0,248.6,130.0,168.1818181818182,0.0,369.8333333333333,148.0,92.63636363636364,78.94444444444444,125.0,70.5,76.85714285714286,192.75,11.247656738179545,0
156.55555555555554,130.0,194.33333333333334,0.0,265.0,0.0,280.2,0.0,90.42105263157895,82.2,97.0,0.0,84.25,414.0,10.731493648707842,0
142.63636363636363,194.0,215.54545454545453,0.0,240.9090909090909,0.0,285.9166666666667,201.0,96.54545454545455,73.64,90.0,77.0,78.88888888888889,247.5,10.757507844016136,0
209.0909090909091,0.0,285.1,0.0,307.05882352941177,175.0,359.2,0.0,92.32142857142857,77.85714285714286,90.0,0.0,73.44444444444444,252.0,8.471045688098874,0
197.71428571428572,0.0,210.3846153846154,0.0,259.72727272727275,268.0,156.0,114.0,91.52,84.07692307692308,87.0,67.0,81.0,233.5,11.746634137525977,0
224.25,362.0,324.4166666666667,0.0,289.5,0.0,199.25,0.0,150.7,149.05882352941177,178.0,0.0,124.0,353.5,6.828316610925307,0
221.4,0.0,322.42857142857144,276.0,476.3333333333333,0.0,212.7,0.0,139.2,127.52,0.0,158.0,124.375,283.0,7.335515178873716,0
267.25,0.0,317.06666666666666,0.0,254.33333333333334,620.0,512.4166666666666,0.0,149.41379310344828,128.25,152.0,0.0,126.11111111111111,243.0,6.48421855630781,0
204.28571428571428,0.0,361.0769230769231,225.5,348.5625,233.0,381.0,0.0,158.03125,134.05263157894737,87.0,142.0,121.0,210.66666666666666,7.064935064935065,0
386.44444444444446,257.5,311.57142857142856,434.0,513.7272727272727,385.3333333333333,2557.8,0.0,167.1818181818182,131.75,139.0,163.0,124.28571428571429,453.44444444444446,3.165378029162991,0
224.875,203.0,390.77777777777777,190.0,384.1818181818182,0.0,356.0,211.0,152.57142857142858,150.64285714285714,141.0,115.0,112.66666666666667,187.66666666666666,6.811594202898551,0
299.44444444444446,189.0,279.44444444444446,0.0,297.3636363636364,0.0,280.9,0.0,153.9,136.85,121.0,0.0,116.5,179.0,8.491126772522714,0
263.6363636363636,175.0,364.6363636363636,0.0,387.9,0.0,225.88888888888889,0.0,149.61904761904762,143.71428571428572,172.0,0.0,132.11111111111111,167.0,7.974121718197547,0
308.1818181818182,0.0,245.6,0.0,362.375,243.0,246.11111111111111,0.0,142.11111111111111,124.45,119.0,0.0,106.66666666666667,184.0,8.080245193647256,0
179.15384615384616,0.0,321.9166666666667,0.0,402.0,205.0,421.8181818181818,169.0,153.08695652173913,137.48,168.0,112.0,116.81818181818181,230.0,7.82511489255993,0
108.5,102.0,119.25,0.0,115.0,0.0,89.75,0.0,0.95,1.1176470588235294,1.0,0.0,1.0,2.0,22.84325637910085,1
96.71428571428571,0.0,114.15384615384616,111.0,129.15384615384616,0.0,94.9,0.0,0.9629629629629629,0.875,0.0,1.0,1.125,3.0,21.86771822907331,1
104.4,0.0,94.5,0.0,124.6,193.0,105.33333333333333,0.0,0.96,0.9166666666666666,1.0,0.0,1.1111111111111112,2.0,22.740193291642978,1
100.61538461538461,0.0,114.75,113.0,123.4,73.0,92.4,0.0,1.206896551724138,1.0,2.0,1.0,1.1,2.0,22.84216438869126,1
84.75,88.0,104.8,97.0,103.72727272727273,130.33333333333334,131.75,0.0,1.0,0.9230769230769231,0.6,2.0,0.8571428571428571,1.7142857142857142,24.239652412531445,1
83.5,66.0,127.77777777777777,113.0,88.3,0.0,95.0,86.0,1.05,0.7857142857142857,0.0,1.0,1.0,1.3333333333333333,25.219298245614034,1
100.33333333333333,133.0,111.11111111111111,0.0,131.2,0.0,105.7,0.0,1.0,1.1,1.0,0.0,1.0,2.0,22.24239673172946,1
105.0,87.0,103.8,0.0,126.0909090909091,0.0,107.44444444444444,0.0,0.9047619047619048,1.1,1.0,0.0,1.1111111111111112,2.0,22.958057395143488,1
102.2,0.0,127.66666666666667,0.0,112.73333333333333,77.0,117.25,0.0,1.08,1.0555555555555556,1.0,0.0,1.0,1.0,22.14022140221402,1
102.23076923076923,0.0,105.75,0.0,136.2,108.0,110.63636363636364,72.0,1.0,1.0,1.0,1.0,1.0,1.5,22.16264521894549,1
171.64705882352942,199.0,273.6470588235294,0.0,298.1333333333333,0.0,204.6,0.0,89.96875,74.1304347826087,112.0,0.0,97.22222222222223,168.0,9.82727814175104,0
260.8235294117647,0.0,287.26666666666665,192.0,302.5882352941176,0.0,204.83333333333334,0.0,85.70588235294117,75.6896551724138,0.0,88.66666666666667,97.44444444444444,245.33333333333334,8.247858728983822,0
213.52941176470588,0.0,164.5625,0.0,205.0,745.0,210.5,0.0,84.71428571428571,74.22222222222223,121.0,0.0,100.77777777777777,424.0,11.255115961800819,0
139.53333333333333,0.0,224.5,289.0,269.8888888888889,192.0,168.0,0.0,90.76470588235294,69.9,80.0,80.0,111.0,189.0,11.410353217551808,0
207.6,272.0,313.85714285714283,200.0,259.6923076923077,320.3333333333333,785.3636363636364,0.0,95.875,78.36363636363636,120.33333333333333,72.0,105.5,320.45454545454544,6.512595540681109,0
547.25,657.0,313.6666666666667,416.0,197.0909090909091,0.0,111.33333333333333,144.0,95.38095238095238,91.53846153846153,112.5,56.5,101.5,250.66666666666666,7.875335120643432,0
230.0,0.0,171.45454545454547,0.0,323.4,216.0,221.1818181818182,0.0,104.18181818181819,72.8695652173913,88.0,0.0,99.7,217.0,10.602678571428571,0
168.83333333333334,240.0,159.72727272727272,0.0,388.0,439.0,231.4,0.0,108.5925925925926,78.17391304347827,90.66666666666667,0.0,107.77777777777777,283.6666666666667,8.633284632753353,0
157.36363636363637,0.0,264.8,0.0,358.7142857142857,449.0,180.55555555555554,0.0,94.71875,86.4,113.0,0.0,98.66666666666667,356.5,8.709260393277539,0
135.93333333333334,0.0,144.15384615384616,0.0,334.4375,266.3333333333333,231.46153846153845,56.0,96.375,81.20689655172414,147.33333333333334,80.0,108.58333333333333,369.75,10.529695024077046,0
0.0,0.0,0.0,0.0,4300.111111111111,0.0,0.0,0.0,129.4,0.0,0.0,0.0,0.0,0.0,0.5149993562508047,0
0.0,0.0,0.0,0.0,0.0,0.0,0.0,0.0,0.0,0.0,143.0,0.0,0.0,169.0,16.46090534979424,0
686.728813559322,0.0,751.2033898305085,684.0,709.0,0.0,689.3076923076923,688.0,166.52892561983472,128.35643564356437,0.0,100.0,152.16981132075472,278.4,3.1655446074278832,0
134.5,92.0,122.0,0.0,114.625,0.0,87.5,0.0,1.5,1.6470588235294117,1.0,0.0,1.375,2.0,21.17117117117117,1
113.78571428571429,0.0,116.23076923076923,83.0,129.23076923076923,0.0,97.3,0.0,1.2222222222222223,1.4583333333333333,0.0,1.0,1.875,2.0,20.883259157822664,1
114.4,0.0,102.85714285714286,0.0,158.3,208.0,138.55555555555554,0.0,1.6,1.5,1.0,0.0,1.5555555555555556,2.0,19.36108422071636,1
105.6923076923077,0.0,126.08333333333333,147.0,130.13333333333333,66.0,119.6,0.0,1.2758620689655173,1.6666666666666667,1.0,3.0,1.4,3.5,20.829776336008194,1
84.25,104.0,107.2,92.0,107.54545454545455,118.66666666666667,142.25,0.0,1.15,0.9230769230769231,0.6,1.0,1.2857142857142858,2.142857142857143,23.981900452488688,1
94.5,104.0,127.77777777777777,93.0,112.7,0.0,93.0,71.0,1.3,1.1428571428571428,1.0,2.0,1.5,2.6666666666666665,21.883920076117985,1
127.33333333333333,112.0,109.66666666666667,0.0,135.8,0.0,121.3,0.0,1.631578947368421,1.55,1.0,0.0,1.75,1.0,20.33616932973646,1
119.4,87.0,119.7,0.0,160.27272727272728,0.0,132.22222222222223,0.0,1.7619047619047619,1.7,1.0,0.0,1.7777777777777777,2.0,19.14227866740291,1
126.5,0.0,149.88888888888889,0.0,125.93333333333334,80.0,138.25,0.0,1.84,2.1666666666666665,2.0,0.0,1.4444444444444444,2.0,18.98066783831283,1
108.53846153846153,0.0,103.08333333333333,0.0,133.6,103.0,115.36363636363636,107.0,1.173913043478261,1.16,1.0,1.0,1.0,1.0,22.095509622238062,1
148.75,114.0,145.16666666666666,0.0,152.75,0.0,129.0,0.0,1.0,1.2941176470588236,1.0,0.0,1.0,2.0,17.468871956885337,1
129.92857142857142,0.0,136.3846153846154,124.0,167.23076923076923,0.0,137.1,0.0,1.037037037037037,1.375,0.0,1.0,1.25,2.0,16.797466611593006,1
132.06666666666666,0.0,129.92857142857142,0.0,162.8,252.0,147.22222222222223,0.0,1.12,1.3333333333333333,2.0,0.0,1.0,2.0,17.123287671232877,1
133.53846153846155,0.0,149.0,115.0,159.06666666666666,114.0,122.2,0.0,1.1379310344827587,1.1666666666666667,1.0,1.0,1.0,1.5,17.476006302821947,1
128.0,139.0,155.0,140.0,146.36363636363637,165.33333333333334,202.0,0.0,1.15,1.0769230769230769,1.2,1.0,1.8571428571428572,1.7142857142857142,16.908597862498006,1
122.25,119.0,174.66666666666666,114.0,145.0,0.0,115.5,141.0,1.25,1.2142857142857142,1.0,0.0,1.6666666666666667,1.6666666666666667,17.103550845882133,1
145.33333333333334,136.0,131.66666666666666,0.0,163.2,0.0,148.7,0.0,1.0526315789473684,1.2,1.0,0.0,1.25,1.0,17.04644285962776,1
141.9,112.0,134.3,0.0,169.0909090909091,0.0,137.11111111111111,0.0,1.1428571428571428,1.15,0.0,0.0,1.0,2.0,17.42043551088777,1
132.3,0.0,159.66666666666666,0.0,152.06666666666666,112.0,143.0,0.0,1.16,0.9444444444444444,1.0,0.0,1.0,1.0,17.14830104795173,1
141.23076923076923,0.0,137.5,0.0,177.9,115.0,146.63636363636363,114.0,1.2173913043478262,1.08,1.0,1.0,1.3,1.5,16.859279401767505,1
261.8333333333333,145.0,174.75,0.0,176.375,0.0,301.75,0.0,101.95,97.82352941176471,105.0,0.0,78.11111111111111,444.0,11.335458731845554,0
158.14285714285714,0.0,147.0,129.0,214.21428571428572,0.0,192.63636363636363,0.0,110.35714285714286,96.32,0.0,88.0,83.5,281.0,12.984336356141798,0
185.375,0.0,153.26666666666668,0.0,277.25,395.0,290.90909090909093,0.0,130.14285714285714,102.62962962962963,134.0,0.0,93.77777777777777,616.0,10.398613518197575,0
162.86666666666667,0.0,249.0,0.0,314.88235294117646,120.0,785.4,0.0,112.125,108.8,148.0,0.0,90.16666666666667,259.0,8.463708643241858,0
152.1,197.0,367.125,0.0,252.47058823529412,323.3333333333333,557.8,323.0,109.82142857142857,104.23529411764706,141.0,103.0,88.63636363636364,844.6666666666666,7.911116281775347,0
233.9090909090909,202.0,184.5,384.0,151.27272727272728,0.0,144.25,210.0,114.63636363636364,92.94117647058823,99.0,69.5,74.0,456.3333333333333,10.425020048115478,0
314.3333333333333,302.0,186.91666666666666,0.0,246.78571428571428,0.0,367.1666666666667,0.0,108.53846153846153,99.2,123.0,0.0,84.6,456.0,8.626001232285889,0
282.2,351.0,167.3,0.0,299.0,0.0,291.0,0.0,113.14285714285714,98.27272727272727,140.0,0.0,83.77777777777777,262.0,9.327230330771224,0
224.5,0.0,365.6666666666667,0.0,301.15,268.0,243.0,0.0,116.46666666666667,103.94444444444444,123.0,0.0,91.36363636363636,252.0,8.739881080306612,0
164.86666666666667,0.0,162.85714285714286,0.0,287.09090909090907,218.0,254.33333333333334,164.0,119.11538461538461,99.78571428571429,130.0,100.0,91.0,442.0,11.221336802732152,0
141.30769230769232,118.0,277.84615384615387,0.0,200.0,0.0,236.0,0.0,96.81818181818181,83.7,124.0,0.0,87.875,264.0,11.531211886018406,0
182.13333333333333,0.0,212.92857142857142,137.0,249.13333333333333,0.0,219.69230769230768,0.0,97.03333333333333,84.14285714285714,0.0,79.0,78.11111111111111,242.0,10.851615947157349,0
123.93333333333334,0.0,182.5,0.0,300.46153846153845,280.0,232.6,0.0,105.17857142857143,88.04,111.0,0.0,81.22222222222223,192.0,11.509756316877978,0
115.06666666666666,0.0,154.53846153846155,125.0,214.625,103.0,204.0,0.0,100.61290322580645,79.04347826086956,83.0,79.0,81.9,310.6666666666667,13.164170561862063,0
102.75,530.0,208.4,114.0,225.27272727272728,697.6666666666666,736.0,0.0,96.2,92.07692307692308,118.0,87.0,88.5,1031.3333333333333,6.763223377783449,0
118.55555555555556,129.0,217.44444444444446,81.0,145.4,0.0,126.75,195.0,111.2,93.06666666666666,112.0,90.5,87.5,277.25,14.585232452142206,0
140.1818181818182,81.0,199.45454545454547,0.0,252.2,0.0,256.3529411764706,0.0,102.52380952380952,83.65517241379311,89.0,0.0,76.125,502.0,10.707593468367985,0
148.5,88.0,117.2,0.0,187.0,0.0,220.0,0.0,103.33333333333333,81.95,84.0,0.0,86.55555555555556,89.44444444444444,14.731027226094962,0
149.15384615384616,0.0,271.4166666666667,0.0,292.44444444444446,188.0,413.22222222222223,0.0,92.54838709677419,89.45454545454545,133.0,0.0,78.1,258.0,8.890712624811927,0
155.6,0.0,187.42857142857142,0.0,272.25,217.0,244.07142857142858,167.0,95.96296296296296,94.9,121.0,101.0,86.3,338.6666666666667,10.916534000454854,0
208.375,345.0,125870.2,137.0,3480.3,0.0,235.5,184.0,151.0,155.35714285714286,178.0,95.0,149.66666666666666,229.66666666666666,0.08548533926431617,0
130.75,104.0,115.66666666666667,0.0,108.125,0.0,91.5,0.0,1.1,1.2941176470588236,4.0,0.0,1.75,6.0,21.89101071262226,1
110.0,0.0,110.46153846153847,105.0,125.07692307692308,0.0,102.9,0.0,1.0,1.125,0.0,1.0,1.5,2.0,21.26546975771309,1
106.73333333333333,0.0,106.5,0.0,142.3,222.0,133.0,0.0,1.36,1.375,1.0,0.0,1.5555555555555556,1.0,20.219039595619208,1
99.61538461538461,0.0,125.08333333333333,93.0,129.46666666666667,138.0,107.0,0.0,1.2758620689655173,1.1666666666666667,1.0,1.0,1.2,1.0,21.369767034506918,1
88.0,106.0,128.8,111.0,109.9090909090909,117.33333333333333,131.75,0.0,1.7,1.8461538461538463,1.2,2.0,1.5714285714285714,2.0,22.91396454820579,1
103.375,93.0,121.22222222222223,99.0,99.1,0.0,95.25,102.0,1.45,1.5,2.0,1.5,1.1666666666666667,3.0,23.297037224613828,1
115.66666666666667,97.0,108.55555555555556,0.0,118.7,0.0,113.4,0.0,1.631578947368421,1.6,1.0,0.0,1.375,3.0,22.082018927444796,1
123.2,117.0,99.9,0.0,135.9090909090909,0.0,101.22222222222223,0.0,1.4285714285714286,1.5,2.0,0.0,1.5555555555555556,3.0,21.867115222876365,1
103.9,0.0,122.88888888888889,0.0,126.06666666666666,115.0,119.0,0.0,1.52,1.5,2.0,0.0,1.5555555555555556,3.0,21.151586368977675,1
111.84615384615384,0.0,101.41666666666667,0.0,133.9,108.0,117.54545454545455,87.0,1.6956521739130435,1.44,3.0,2.0,1.5,3.5,21.727702821096898,1
